0.31213823,-1.8868896,-0.27622825,-0.26154697,-0.11275256,-0.97735864,0.087423585,-0.28143835,0.08936525,0.1317362,-1.4276385,0.021871246,-1.0383698,-1.563299,-1.2631602,-0.7586873,0.15806367,-0.039071195,0.07446353,0.52590895,0.14082202,-0.7401413,-0.08995111,-1.3033134,0.38360667,-0.1326111,0.1757101,-0.97467893,-0.56576025,0.17031638,-0.0917722,0.08745974,-0.7901276,0.48616838,0.244743,-0.15938774,-2.2799346,-0.427187,-0.16104417,-0.28540596,-0.44493008,0.022360489,-0.1603362,-0.9730218,
0.09749446,-1.4649025,-0.10688732,0.22729574,0.05697274,-0.77482915,-0.6156608,0.57074684,0.40578762,0.19872063,-0.6248431,0.24390042,-1.8374066,-2.0322464,-0.8110103,-1.2917544,0.15093422,-0.3863762,0.2955666,0.22347051,-1.2793276,-1.35152,-0.2120472,-1.2967496,0.22023997,0.113550305,-0.16911511,-1.1586887,-1.1024631,-1.2383641,-0.78302866,-0.44760412,-0.90249974,-0.5125199,-2.6289072,-0.5672901,0.5404185,-0.9336996,0.04495177,-0.18432324,-0.60900044,-0.9041318,-0.57419515,-1.3219919,
-0.14822462,-0.71718556,0.045429368,-0.023153666,-0.07222961,0.30833486,-0.20859897,0.59900063,-0.31887156,-0.02772391,-2.4289548,0.4345972,-0.863736,0.5523492,0.116019815,-1.0809003,-0.038962904,0.17370297,-0.06868021,-0.43452507,0.38496888,-1.177998,0.2162,-1.0900434,0.012363407,0.101442754,0.18589126,-0.90786314,-0.043521382,-0.96651095,-1.263753,0.01701893,0.11196915,0.07852356,-0.8742625,0.16529821,-1.2681767,0.56387675,0.22134352,-0.4129721,-0.27863297,-0.8829753,-1.1127476,-0.683357,
-1.4750401,0.41493988,-0.1550113,0.29053172,0.33126044,-0.563961,-0.51664144,-0.27575505,-0.03686975,-0.09590614,0.57496405,-0.1236809,-0.44183728,-0.24637236,0.07860525,-1.2727141,-0.10465535,0.21571474,-0.29341564,-1.5458846,-1.2611583,0.5284568,0.100800015,0.017105756,0.05611051,0.14285775,0.13947313,-0.46224132,-0.56225973,-0.04890231,-0.91678965,-0.68206424,-0.40813127,-0.19109827,-0.4205542,0.36207965,-0.58137864,0.38795,0.36835295,-0.31503955,-0.5493093,-0.31798768,0.2273095,-0.078868166,
0.021709928,-0.5459501,-0.39886758,0.31722406,-0.45494264,-0.57675606,0.09879521,-0.42246306,0.2993593,0.09894291,-0.121667676,-0.34526154,-0.24920137,-0.8973369,0.21581863,-0.6956341,0.18774009,0.30219722,0.15417996,0.7320449,-0.43154028,-0.34929356,0.0009573857,-0.01346605,0.14105298,-0.32197684,-0.7272261,-0.3028416,-0.40784377,-0.70022553,-0.8294467,-0.5455732,-1.5883812,0.15269804,-0.53253305,0.26751342,-0.35728002,-1.2705446,-0.57756096,-0.5573572,-0.76277494,-0.4733823,-0.3666793,0.14209887,
-0.25217652,0.37196842,0.0027708039,-0.12195013,0.022922643,-1.3405199,-2.0068007,-0.26257363,0.055479366,0.05643612,-0.6747127,-0.106406264,0.27062303,-0.25110045,0.055930477,-0.47103176,-0.069800146,0.0023410958,-1.7412107,-0.18961029,0.0678396,-1.2198045,0.24979702,-1.3396305,0.21369013,0.16119133,-0.8170956,-1.2239234,0.40495563,-0.19259763,-0.004227148,-0.7916551,-0.19424039,-0.6397967,-0.24622127,0.23118925,-1.5943303,-0.35137698,0.17143546,-0.11891614,-0.33047378,-1.2865928,-0.047797754,0.15509441,
-0.11405414,0.09576312,-0.38390708,-0.044712454,0.2695304,0.6244248,0.11445484,-0.29217425,-0.017028604,-0.24817295,0.22020052,0.06174503,-0.077953644,0.39415163,0.2927181,0.60731447,-0.37973946,0.08959059,0.40095994,0.112008356,-0.054178122,-0.43424016,-0.37097615,0.2487229,-0.4736413,-0.17355306,-0.10937524,0.605829,0.16594177,0.2007789,-0.017122954,-0.34460425,-0.26683408,-0.7195587,-0.3531024,0.31087768,0.21016058,-1.5781738,0.004772569,-0.54026794,-0.14956507,0.07303818,0.30060166,0.49559212,
-0.22939487,-2.4830077,-0.039844435,-0.5519096,0.23002863,0.14443211,0.32333738,0.39150164,-0.43985114,-0.41170168,-0.45611307,0.06404697,-0.015206559,0.0359008,-1.1777709,-0.00874522,-0.05462716,-0.09238875,0.3881424,-1.5115051,0.30936044,-0.41791767,-0.16455743,-1.6102092,0.20652395,0.0700269,0.3706235,-0.4479292,-0.33128077,0.1962295,0.15579076,0.31288388,0.38427556,0.20131281,0.15398878,-0.5338242,-0.1851606,0.35176945,0.38868466,0.1300531,0.5952535,0.029204778,-0.48641065,-0.67474097,
0.07839032,-0.8685465,-0.44970688,0.23805162,-0.38869706,0.18366732,0.3842353,-0.0054841265,0.24240912,-0.008127172,0.17663652,-0.025360893,-0.631603,-1.6829594,-0.2990002,0.17021783,-0.46554512,-0.12523545,0.077626534,0.2136087,-0.13477875,-0.93460894,-0.17522247,0.69385517,-0.21455939,-0.11121319,0.4149238,0.00077957707,-0.08423504,-0.10138137,-0.051401876,0.42024168,0.13415943,-0.20602408,0.16401969,-0.5916231,0.17444727,0.41885248,0.16191414,0.17437549,-0.060376003,0.10654799,-0.039461132,-0.36523908,
-1.6903082,0.03210226,0.07917767,-0.34646103,0.001715862,-0.37463188,0.46482462,-0.048348416,0.05685199,-0.42535114,0.19116099,-0.07278814,-0.6877009,0.5706777,0.40719983,-0.07343442,-0.13820301,-0.19472075,-0.67228323,-1.4946417,-0.8434412,-0.22067766,0.17280105,0.3609013,0.24310827,0.017705956,-0.6846002,-0.20138723,-0.8687433,0.058312517,-0.5967074,-0.4330887,0.14039767,-0.35516554,-0.21234159,0.30693352,-0.4815266,0.4965498,0.15513591,-0.87088084,-0.39771703,0.02553104,-0.49685133,0.32059214,
-0.5957018,-1.8464751,-0.14853457,0.42178813,0.16914381,-0.8941653,-0.9698588,0.49313217,-0.183453,-0.040247306,-0.85758764,0.068856254,0.31866354,-0.2539692,-0.056309402,-0.79402906,-0.04604786,-0.10805249,-0.83651793,-0.5147355,-1.2794727,-0.7191738,0.102606446,0.2548775,-0.019500734,0.12992911,-0.21126921,-0.8260019,-0.15115924,-0.30641037,-0.5669605,-0.4787125,-1.1106185,-0.09426294,-1.5629376,0.4023133,-1.6397821,0.08040059,-0.33325288,-1.1879853,-0.54981214,0.29068807,-0.45542327,0.14162956,
-0.028579105,-1.1238258,0.008035768,-0.23649468,0.04987084,-0.57464397,-0.37195837,-0.118470445,-0.22080448,0.17290217,-0.41769907,-0.21678063,-0.6573958,-0.21527493,0.16528992,-0.099195406,0.34795675,0.15891692,-0.56570286,-1.0111867,-0.37003046,-0.30410132,-0.12315881,-1.42138,0.17634238,0.3536595,-0.4720648,-1.6682513,-0.6963036,-1.231395,-0.36937478,-1.4296708,-0.9466259,0.19773905,-0.43183362,-0.13894746,-1.3646656,-0.24421403,0.21991053,-0.49212494,-0.33803755,-0.20593268,-1.1339339,-0.4526925,
-4.9412103,-2.0916443,0.16332269,-0.22717242,-0.4145935,-0.5982156,-0.12460421,0.26977918,0.2271853,-0.0046775006,0.33290294,0.0053311386,-0.7258685,-1.1764834,0.42085952,-0.055475652,0.4334798,-0.370102,0.6755209,0.18498938,-0.40282863,-0.7661045,0.027011923,-1.0546772,0.484373,0.08086942,0.52399933,-0.9795977,-0.21394709,-1.7179352,-0.5351239,-0.35212892,-0.51064557,-0.36704394,-0.11692139,-0.06479927,-0.715701,0.13509277,0.3890914,-0.38606766,0.23311587,-1.2116807,-1.4726936,-0.6920487,
0.14310716,0.3991866,0.05253404,0.29660353,0.12783824,-0.8245007,0.16082567,0.074466825,-0.023626875,-0.038765687,-1.6914786,0.36418536,-0.1571091,-1.7039998,-0.7728986,-1.2368344,-0.001104366,0.08413467,0.066031896,0.05170029,0.2941406,-0.496952,0.03408472,-1.1703461,0.24339688,-0.2151684,0.09902616,-0.7110361,-0.82548594,-0.081736825,-0.4815327,-0.2740969,-0.019967772,0.03666507,-0.62607276,-0.48143634,-1.5731544,0.70724165,-0.4976832,-0.1964637,0.09209616,-0.12559585,-0.36369237,-1.4872007,
-0.35223448,0.11827129,0.035705686,-0.43282896,-0.1217842,-0.44645652,-1.0350747,-0.26133367,-0.14632772,0.21568929,-1.2309074,-0.6803635,0.2786002,-0.111822195,-0.29777297,-0.27947867,0.11946189,0.14321332,-0.41821986,0.46249565,-0.8959986,-0.3823684,0.035722937,-1.805937,0.22482398,0.17652611,-1.4931914,-0.901628,-0.04533535,-0.61374027,0.45684412,-0.24704167,-0.21876973,-0.09032085,-1.7468786,0.15279678,-0.6979737,-0.69830024,-0.107800014,0.06044898,-0.7657793,-0.5453698,-0.41608387,-0.17140068,
-0.9406062,0.17766178,0.5413048,-0.3970166,-0.4539881,-0.24196249,-3.1357546,-0.30152768,-0.15069543,0.065134265,-0.10241609,-0.30210385,-0.05777381,0.39114475,0.40846854,0.122903116,0.14042449,-0.23728502,-1.9787204,-2.8647916,-0.2808766,0.20377745,0.060978822,0.93898076,-0.13752411,0.12128115,-2.798059,-0.44512695,0.3752188,-1.7810248,0.12042569,0.44712967,-0.33340693,-0.1328139,0.18991046,0.094852,-1.3354479,-0.45376137,-0.1615546,0.32056567,-0.5101197,-0.21503748,-0.21334527,-0.14471093,
-0.06874807,-0.12067865,0.34048498,0.26333654,0.008670395,0.39431,-0.12438643,-0.011065906,0.33717558,-0.061907906,-0.043721583,-0.28277043,0.38522312,-0.6596217,-0.11232074,0.1681237,-0.29984087,-0.8389351,-1.0312898,0.041520435,0.068027556,-0.15917882,0.07110206,0.63295037,-0.5053495,-0.23338705,0.17437975,0.0740493,0.32024002,-1.0108893,-0.18212187,0.15867391,0.047655053,-0.30126357,-0.07030974,0.10201258,0.26385608,-0.5884125,-0.700779,0.17949075,-0.061123725,-0.43461272,0.016481513,0.21164958,
0.051074695,-2.0309749,-0.44993877,-0.013646919,-0.5472117,-1.4808017,-1.0405029,-0.16486822,-5.921407e-05,-0.7231472,-0.44753093,0.34699738,-0.26402056,-0.71671736,0.05093589,-0.3464403,0.059616096,-0.21076478,1.0627422,0.11661878,0.62141204,-0.59830403,-0.18437569,-2.2972581,0.5766409,0.03643294,-0.4943098,-1.8847021,-1.737128,-0.18988635,-1.9546533,-1.6064203,-1.5417709,0.105251946,-0.2663042,0.26660156,-1.2675169,-0.22748756,0.18823719,-1.2299268,-1.0814604,-0.66352415,-1.0201187,0.33064118,
-0.55302703,-2.7789667,-0.47425207,-0.17779589,0.5250914,0.028164873,0.2868797,0.22300875,-0.2361017,-0.34309766,0.53185993,-0.6286159,-0.42478842,-0.36860704,0.1317364,-0.9176034,0.012213887,0.32709226,0.38373876,-1.2311112,-1.0537927,-1.8717338,-0.015472166,0.3346907,-0.59116524,-0.45339486,0.40897095,0.09988789,0.31815878,-0.16913459,-0.2576343,-0.997659,0.14417304,-0.4670464,-0.022154301,0.12620711,0.18580438,0.02598933,-0.5624576,-1.3685362,-0.049440887,0.19518557,0.22002263,0.37162906,
-1.339835,0.3431181,0.53123033,0.0549939,0.1613616,0.53881365,0.008258446,0.08516861,-0.23569153,-0.064864,-0.8410598,-0.2822935,0.16544767,-0.36988804,-1.6030021,-0.34000793,0.08237521,-0.092698574,-1.139463,-2.0382123,-0.7144579,-0.2721095,-0.1157034,-0.96452457,-0.035912015,0.37686107,-1.7282097,-1.3285903,0.15947248,-1.7554421,-2.1301498,-0.9553828,-0.36687028,0.19564232,-0.803343,-0.7056499,-1.0149342,-0.42591664,-0.060058363,0.14705674,0.13840592,-0.37983397,-0.7708064,-0.2995218,
-0.29154956,-0.2138508,0.0869661,-0.06978386,-0.17476681,-0.06978518,-0.22245228,-0.111488126,-0.2038059,0.15187441,-0.61353475,-0.050559346,-0.70342135,-2.1435351,-1.0862184,-0.61063874,0.16463275,-0.054753676,0.00093438156,0.80859476,0.32075205,-0.31288505,-0.15381435,-0.9171936,-0.041707847,0.43350968,-0.3533558,-1.1386048,0.24771082,-0.8463521,-0.11163578,-1.3567615,-0.18584076,0.13744363,-1.7568876,-0.6669531,-0.9114189,-0.41915476,0.28087503,-0.15780507,-0.4671215,-0.7994406,-0.55971426,-0.33370227,
0.3678,-0.33104986,-0.3829578,-0.4318061,-0.27996764,0.20104185,0.014879166,-0.34344426,-0.37343267,0.1174978,-1.8360182,0.116460055,0.24450737,0.19715846,-0.89955145,-0.5315564,0.14019538,-0.073509835,-0.56549865,0.062460292,-0.96236026,-0.4655136,-0.22839543,-0.6615968,-0.060265277,0.06354668,-0.3052837,0.20318888,-0.013812237,0.15832,0.20147757,-0.7038048,-0.5327017,0.030520119,-0.2448537,-0.019369684,0.07819713,-1.0553532,-0.14735939,-0.4652265,-0.4071502,0.34009555,0.02753248,-0.17356761,
-0.18321186,0.22283286,-0.03317013,0.17321019,0.4209037,0.3204445,0.089181,0.13712326,-0.056023598,0.16538906,-0.8689149,0.34776476,0.018137343,-0.13193749,-1.1082952,-0.15206166,0.14533517,-0.19778669,-1.520302,-0.30873278,-0.62296087,-0.80262876,-0.5433715,-0.7625948,0.11351616,0.21580888,0.30648834,-1.1021062,-0.049048387,-0.652127,-0.21681613,0.3297768,-0.006411736,-0.2954614,-2.195734,-0.86870635,0.1727547,-0.33602262,0.09158278,0.15371825,0.22849318,-0.5026789,-0.10774446,-2.1130767,
0.10758661,0.29556367,-0.113729276,0.41967282,-0.4444047,-1.3980178,-0.03807445,-0.40591133,0.35734662,0.1975052,0.2418202,-0.11767253,-0.19657947,-2.1431139,0.16961941,-1.2643607,-0.40027794,0.047284536,0.24963662,0.09009474,0.55009645,0.3373598,0.119791314,-1.1776721,-0.18964851,-0.014490485,-0.8216834,0.5594067,-0.17465445,-0.5387283,-0.07395832,-0.684025,-0.4491793,-0.6751503,-0.68163794,0.12807474,0.39215907,0.2362164,-0.6066542,-0.3290471,-0.45268878,-0.010668354,0.3082459,-0.019487979,
-0.23499274,-1.005324,-0.21025637,0.25643978,0.035152983,-0.08260302,0.4007739,-0.26425758,0.14879557,0.07379865,-0.68846315,0.27915272,-0.2893606,-1.8945961,-0.67501396,-2.0395658,0.29807347,0.5546956,0.079211034,0.6084989,-0.2556039,-0.9230964,-0.50972813,-0.63965666,0.05646862,0.22288021,-0.37483248,-0.81638706,0.04871578,-0.8436785,-0.9959771,-0.75318044,-0.7517805,-0.044917703,-1.0606043,-0.2378345,-0.012327652,-0.3804097,-0.2877718,-0.5117374,-0.48188707,-0.8994022,-0.09805517,-0.77735233,
-1.8578111,0.14303169,0.13588634,0.3167435,-0.33226663,0.07236386,-0.17804924,-0.17122526,0.06432206,-0.10069176,0.5276328,0.13563669,-0.3598937,-0.7479637,0.35712898,0.33504048,-0.05914198,-0.31418002,-0.9204168,-1.6320386,-1.7778649,0.40261883,0.09636375,0.1700527,-0.05073098,-0.19244778,-0.22685924,0.32091597,0.1350143,-1.0416709,-0.5511135,0.15246065,0.22962312,-0.4005464,0.32688326,-0.4875759,0.10834862,0.1403772,0.14557952,0.12204419,0.22544871,-0.2348161,-0.14350653,-0.052609593,
-0.8272473,-0.17083219,-0.29979488,-0.0029439046,-0.7375877,-1.9463935,-1.1708432,-0.62156165,0.08230361,0.077149086,-0.14097533,-0.2136451,-0.38706213,-1.0938864,0.4285505,-0.39737186,0.14125928,0.12389849,0.1784211,-0.7686086,0.52550447,0.57176536,0.41071802,-0.3930755,-0.08730181,-0.055260327,-0.40740886,-0.553301,-0.36723346,-0.78885347,-0.79632187,-0.07726642,0.08214787,-0.077736646,-0.3103685,0.2784185,-2.3274434,0.32049134,-0.20379086,0.07737524,-0.060092848,-0.06271345,-0.26873595,-0.19790465,
-0.33992383,-0.4235855,-0.15400128,-0.030238384,-0.018719394,0.073080726,0.12946649,0.1025189,-0.20183733,0.1942522,-0.24970318,-0.44536027,0.402798,0.39893422,-0.89423066,-0.03440671,0.024527224,-0.15463291,-1.1425112,-0.24346234,-1.3818134,-0.15306848,-0.41133496,0.90606356,-0.06660455,-0.14759439,0.27579695,0.07303956,-0.13631196,-0.17768049,0.037319507,-0.18163224,-1.0720441,0.041738342,-0.3731319,0.089546226,0.18084008,-0.88186127,-0.2583153,0.12262906,0.00404421,-0.028508583,-0.4376376,0.013736537,
-3.0993097,0.11317278,-0.08620567,-0.20826767,0.13302413,-1.0007325,-1.6536299,0.47479823,-0.15962453,0.13394928,-0.56709045,-1.1001099,0.25311095,0.59224576,-0.053355977,-1.3482872,0.05424321,0.21135662,-1.330236,-2.6360314,-0.47643825,-0.27962452,-0.015768783,1.0263913,-0.4809444,0.20942949,-0.98264605,-0.22426483,-0.09001683,-0.23476939,0.105700284,-1.8178277,-0.06744999,-0.5844467,-2.1483483,0.43670323,-0.34164166,-0.57545567,-0.039936252,-0.895883,-0.41826415,-0.0654358,-0.11764536,0.11012828,
-0.24394184,0.09036861,0.30800593,0.010072559,-0.675881,-0.26798823,0.44861636,0.055853408,-0.045378163,0.1055816,-0.5497204,-0.041019212,0.18185288,-1.0745363,-0.2979224,-0.9659974,0.18012449,0.022947293,-1.9968247,-0.4097027,-2.124942,0.052901603,0.053151783,-0.3922043,-0.15232617,0.20453538,0.087076284,-0.23540574,-0.6969592,-0.2557021,-0.30588356,-1.3716213,-0.38615993,0.30420366,-0.38407475,-0.16130008,-1.6056803,-0.46511635,-0.049759567,0.0036844786,0.16210881,-0.2077566,-0.4329347,-0.22915864,
0.16319448,-0.055657398,-0.42308885,-0.03216684,-0.6042213,-1.1509918,0.06831082,-0.41639,-0.43143398,-0.11151174,-1.0993034,0.11850283,-0.080258526,0.5290434,0.18498337,0.33339357,-0.22301613,0.013511701,0.77283525,0.14851311,0.5811456,-0.59743667,0.2981153,-1.7054843,0.39957982,-0.10919803,0.008634882,-1.0036569,-0.28583747,0.26702544,-0.17944117,-0.024580933,-0.67478883,-0.0041118897,-0.26874334,0.29060847,-2.1291366,0.37934732,0.116854034,-0.35027978,-0.1618213,-0.2163874,-0.3719142,-0.14159118,
0.119702294,-0.053873576,-0.33140716,0.2530641,-0.29149273,0.11216519,0.16150254,-0.040626153,-0.0673524,-0.24238245,-0.19525781,-0.2674363,0.28438085,-0.29663524,-0.7956115,0.5772747,-0.10235105,0.09345376,0.12125205,0.37643293,-0.81791186,-0.77190006,-0.13406432,0.6009392,-0.48341444,-0.027869632,0.3699274,-0.016697023,0.31011397,0.36000934,0.20989661,-0.035647284,-1.3798589,0.053203747,0.19807293,-0.04011024,0.29662415,-0.7571038,-0.34236336,0.2690157,-0.8691217,0.17399287,0.17244607,-0.1779852,
-0.002541308,0.4787029,-0.058004234,-0.26937807,-0.39691025,-1.0605515,-2.3240073,0.22585307,-0.6240759,0.09304691,-0.4718953,0.14929248,-0.7077091,0.07861595,-0.0019778567,-0.77985215,0.14008746,-0.08627671,0.6575147,-1.8588128,0.2693866,0.3524973,0.35720894,-2.0708814,0.099568814,-0.10708826,-1.2714427,-1.3597002,0.2501135,-0.13849477,-0.60209334,-0.91380167,0.3359239,0.25047973,-0.09136058,-0.04340251,-0.9405455,0.26110226,-0.50131226,-0.27029032,0.27581307,-0.26483518,-0.39381537,-3.0355349,
0.08386157,0.25088367,-0.15761006,0.23131555,-0.42759907,-0.29830247,-0.72130036,-0.8757082,0.06915001,-0.17398544,-0.026902549,0.22236177,0.0068160696,-0.5179618,-0.659551,-0.20854041,-0.04726097,0.15478067,-0.78818834,0.56377465,-0.63588524,0.05893702,-0.57035047,-0.8172346,0.04764613,0.3571454,-0.050784983,0.42414445,-0.54983115,-0.12953319,-0.6750796,-0.851876,-0.63047695,0.116627485,0.4747448,0.13664092,-1.3237544,-0.56216234,0.34513003,-0.48352897,-1.009501,-0.4221525,0.27161604,0.28123558,
-0.65472585,0.38974774,0.32577547,-0.30338326,-0.015686767,0.44646797,-0.08704848,0.15341564,-0.28165737,-0.1344641,0.27750322,-0.18859853,0.2736785,0.45377204,0.0049398057,0.41224384,-0.14694981,-0.31911328,-1.7480326,-1.2833358,-1.84604,0.18499959,0.13646004,0.46757966,-0.4680714,-0.5306877,-0.48561215,0.40579933,0.3203468,0.01594806,0.07285511,0.071309894,0.38275263,-0.087550916,0.14350162,0.091509305,0.30366263,-0.78623545,-0.3245519,0.2700633,0.23283227,0.26947144,0.096125506,-0.1285113,
0.04407911,0.30771756,-0.2309579,-0.053078867,-0.7151611,0.5342039,-0.30235568,0.06482877,-0.44641304,-0.047300667,-0.70435166,-0.25293833,-0.2980593,-0.60758513,-0.3016089,-0.5967823,0.056175224,0.023158016,0.17069544,0.5094587,-0.2877587,-0.39844486,-0.12547918,0.35225725,-0.07008903,0.083790004,-0.5736916,-0.7215244,0.28083876,0.21141233,-0.2597428,-1.0746506,-0.75489116,0.19075851,-0.3813741,0.09101641,0.021822212,-1.8658962,-0.41313013,-0.41835624,-0.72548115,-0.13034947,-0.15009068,0.5161637,
0.028348306,0.13538678,-0.013990008,0.118139155,0.2620837,-0.39339194,0.16340375,0.16383985,0.1954231,-0.09519768,-0.77039325,-0.00356889,0.20106527,-0.21675883,0.04738887,0.33828706,-0.18957052,-0.6631542,-1.1950752,0.23375687,0.75675434,0.035598088,0.015400366,-0.6066789,-0.25913623,-0.19705966,0.113677025,0.0961181,-0.28960827,-0.012317965,0.11011513,-0.09342414,0.27511892,-0.043356504,-0.050787587,-0.16917828,-0.30257222,0.26898777,-0.98019904,0.005359351,0.38285553,-0.2690722,-0.21102522,-0.2318743,
-0.772076,0.1832561,0.13409537,-0.03942173,-0.61914915,-0.24584876,-1.1900436,0.01014121,0.056833394,-0.1034544,0.519816,-0.7774549,0.14643198,-0.739704,-0.1837582,-0.6443087,0.0037048869,0.09554986,-0.7374493,-0.7879259,-1.7627081,0.57313895,-0.028494516,0.73774266,-0.13055313,0.08723059,-0.7077732,0.53681314,-0.03468043,-0.33768377,-0.022281585,-0.29205924,-0.34854543,-0.22922578,0.17845978,0.049718343,-0.0088318195,-0.60684633,-0.28704002,-0.846885,-0.24007225,0.26118422,0.35964563,0.47800624,
0.22146203,-0.5916346,-0.044488363,0.21832469,-0.06267522,-0.9701796,-0.5489307,-0.2175241,0.16802998,0.27058968,-0.3283024,0.040940497,0.048256397,-1.6693276,-1.1888391,-0.29480407,0.11794272,-0.41764444,-0.87578195,0.19509624,-0.93500006,-0.1250275,-0.027519181,-1.1495668,0.30317485,0.2331287,0.56795746,-0.049422562,-0.45840576,-0.5804927,0.054443423,-0.5418353,-0.26284206,0.27321884,-0.41987714,-0.6928971,-1.335176,-0.49216402,0.13221233,0.037821904,0.020553272,-0.803351,-0.49387935,-0.7785884,
-0.9990843,-0.3986884,0.0835497,0.076992676,-0.13138852,-1.4725616,-1.0636665,-0.09326424,0.051059984,0.3467684,-1.4986012,-0.46574375,-0.23931226,0.25631046,0.575319,-0.6254719,0.20198551,0.3588625,-2.5578732,-1.2065709,0.71220505,-0.49226475,0.3011546,-0.13901232,-0.075790234,-0.049592074,-0.800344,-0.993816,-0.54145366,-0.70710105,0.2194168,0.26611564,0.17812876,-0.36542964,-1.2270643,0.27503923,-1.1781197,0.47295952,-0.32702655,0.19269207,-0.1316214,-0.6906666,-0.053539455,-0.04578384,
-1.4331626,-1.35345,0.035976157,-0.2929549,-0.07141789,-0.8469063,-1.302019,-0.0439351,-0.029453795,0.25376093,-0.73914593,0.21904431,-0.7855491,-0.19156554,-0.10462603,-0.94101095,0.25724703,-0.40236154,-1.1630734,-0.951991,-0.90233487,-0.09369604,-0.12453447,-1.1029121,0.250481,0.10659503,0.015447709,-1.0202818,-1.537094,-0.6515837,-1.0787977,0.7221097,-0.4055893,-0.06532229,-0.008933605,-0.24308756,-1.2684845,0.121817164,0.45955062,-0.25188574,0.15666446,-0.73933494,-0.68527025,-0.369443,
-0.26415724,-0.17698263,-0.0073706782,0.035880607,-0.036216848,0.32268795,0.34640872,-0.5348087,0.10842013,-0.30927032,0.23587543,0.24955778,-0.62040263,-0.88722265,-0.6983496,0.34435886,0.0628871,-0.43395004,-1.5491925,-0.25706255,-1.1898422,-0.4251692,0.18353197,0.60952944,0.16425383,-0.016242597,0.31649333,-0.29840064,0.28326958,-0.35115546,-0.50214756,0.4303107,0.12024253,0.0057107704,0.25626355,-0.79703295,-1.3682613,0.31897292,0.34356442,0.55428463,0.23095292,-0.11020852,-0.46854144,-0.63437605,
-0.0798407,-1.9289234,0.004391194,0.24919982,0.37185633,-0.9714642,0.16953565,0.14300969,0.37689704,-0.021492632,0.11697616,-0.06438264,-0.7562264,-0.2733348,-1.1113895,-1.7008095,-0.05893963,-0.121697366,0.53851885,0.0049517537,-0.36978891,-1.2247634,-0.3987541,-0.100503504,-0.011640003,0.20468841,0.076736964,0.007712917,-0.6224974,-1.8222297,-1.1376002,-0.58889526,-1.016676,0.15703183,-2.145911,-0.13969378,0.12760133,-0.22004357,-0.23814735,-1.040421,-0.44298655,-0.87143385,-1.1324984,0.1743691,
0.2718142,0.19372602,-0.39616823,0.21632238,0.24724519,-0.121379234,0.054453906,0.049837425,0.064484276,-0.023487337,-0.22599645,0.2638029,-0.48518,-2.2023952,-0.497172,-1.6640278,0.118079446,0.036804337,0.86945397,0.27659777,-1.2476549,0.5400467,0.19612682,-1.3420396,0.32585126,0.025241503,-0.19654354,-0.744245,-0.5834549,-0.14538236,-3.7228496,-0.80672187,-0.37256405,0.2103955,-0.08528385,-0.19014645,-1.9137383,-0.420772,0.12486953,-0.6378334,-0.7731294,0.21580066,-0.96083915,-0.7399779,
0.16913533,-2.5598614,-0.61272216,0.079686955,0.4138466,0.17960183,0.13064414,0.3448472,0.20626122,-0.33139274,-0.46942055,-0.23434237,0.26381785,-1.6309768,0.104859106,0.26085863,0.018810865,-0.10396846,0.53325766,0.3982253,0.5222027,-1.3475647,0.23176324,0.04531902,-0.45755258,-0.09545076,0.50756866,-0.3210615,-0.07534389,0.0023418101,0.28975752,-0.6235108,-0.3141407,-0.10289216,-1.2100049,0.01350917,-0.1343651,-0.049526587,-0.57507074,-1.3548572,-0.46634474,0.26543173,-0.36075243,0.06406768,
-0.19520137,-0.016804125,0.28562415,-0.5737925,0.3551177,-0.76553077,0.48643523,-0.18446708,-0.09902911,0.00012906046,0.099640764,-0.19285409,0.029573958,0.22154103,0.31197622,-0.44313607,0.11843454,-0.11078419,0.10534396,-1.004957,0.2978666,0.21166293,0.19057587,-1.3744941,0.2456104,0.08793534,-0.99442375,-0.70175654,-0.35753962,-0.020616336,-0.6011641,-1.2572367,-0.13039002,-0.051463973,-0.22926368,0.07376729,-1.4320021,0.04965144,0.07413128,-0.7079949,0.055991553,0.33134958,-0.45091948,-0.9144986,
-0.13541505,-0.18364067,-0.119290486,0.03811997,-0.11079684,0.4001867,0.068579376,-0.33968163,-0.4280044,0.22667703,-1.0094821,-0.13181926,0.121779345,-1.5790727,-0.19354644,-1.1908567,0.14851868,-0.32714078,-1.122326,-0.8435025,0.11445468,0.3022944,0.17948434,-0.8377608,-0.01818927,0.19494238,-0.46477878,-0.42338786,0.30613497,-0.034420494,0.07642393,-0.22266713,-0.0037707123,0.18742183,-0.34657365,-0.35556576,-1.9223897,-0.28832993,-0.31287146,0.33613825,0.30205637,0.20597896,-0.25288662,0.028647892,
0.08926408,0.15977968,-0.09571749,-0.32037622,-0.095475286,-0.65405285,-0.06502043,0.030700829,-0.5802944,-0.1355896,0.028402634,-0.6646899,0.32333717,-1.0428066,-0.6347053,0.12723786,0.14257781,0.08208397,-0.019228747,-0.5270104,-0.6556807,0.6309948,0.15536796,-0.758217,-0.30881408,-0.056430012,-2.3189096,-0.12568007,0.09171286,0.28088754,0.23758243,-1.0021535,0.12483586,0.35102862,0.16123223,-0.105420224,-0.46666434,-0.8248455,-0.553849,-0.4219556,0.09621377,0.32338673,-0.05610663,0.1545435,
-0.26709697,-1.0494102,-0.04683996,0.3481968,-0.1451626,0.24816515,0.11004908,0.3272879,-0.086001605,-0.16197573,-0.021161878,0.4108233,-0.8878739,-0.6262033,-0.5430352,-0.7961697,0.199286,-0.33993012,-0.6321605,0.22494094,-0.40176445,-0.54220045,-0.35813895,-0.5642355,0.29818064,0.18042216,-0.14409357,-0.35124272,-0.43209714,-1.2512738,-1.3318858,-0.15755701,-0.24213283,-0.1382331,-0.3192838,-0.40743503,-1.2990836,0.33480915,0.3105844,-0.87905896,-0.760354,-0.8525469,-1.9269103,0.06515326,
-0.1930464,0.18861668,0.25403583,-0.6620689,0.11721908,-1.3308259,-0.9402937,0.022424882,-0.532019,0.10978269,0.15217617,-0.65785563,0.26456234,-0.9492427,-0.79739696,-0.87210226,0.085994214,0.12787871,-0.648621,-2.2107937,-1.8786004,0.34015664,0.115063585,0.22231854,-0.14473154,0.017815072,-1.7531562,-0.09074374,0.2207504,-0.041636053,0.23901652,-0.5958795,-0.11334549,-0.20848715,0.34145835,0.07699775,-0.013124695,-0.8784794,-0.31517473,-0.51434135,-0.010632224,0.23771925,-0.11953316,0.30574256,
0.119355395,0.05431038,0.19156185,0.15096012,-0.48786807,0.101872265,-0.5060668,-0.66964185,0.25530037,0.14018242,-0.6219665,0.38931945,0.408667,0.21972279,-0.58297443,-0.019461218,-0.20799905,-0.3089362,-0.9063893,-0.2712086,-0.7988902,0.17361368,-0.08741628,-0.4976351,0.060820885,0.0018370748,-0.20364623,0.6500941,-0.2828754,0.093119055,0.18196131,-0.0012105093,0.1586581,0.43075413,0.028786324,-0.3673467,0.3194786,-0.55099124,-0.013218102,0.13346723,0.33767986,-0.5334167,-0.012735076,-0.04804392,
0.07754417,-1.4382861,-0.5266152,-0.034684416,-0.112273835,-1.5159498,-0.2466069,0.09671359,-0.18015637,0.1096508,-0.9274421,-0.29866862,-0.49725714,0.49314117,0.25234327,-0.6185229,0.21709846,0.13142338,0.74444824,0.009632186,0.88844925,-0.44027823,-0.0076674917,-1.6451548,-0.21534531,-0.1454062,-0.19597961,-1.8652014,-0.21463357,0.23819931,-0.0795755,-2.5807648,0.14631262,0.22963893,-1.340087,0.2599432,-0.0065907906,0.49267155,-0.2929368,-0.8119571,-0.84621,0.08587666,-0.8096604,0.27336913,
-0.52309084,-0.3542621,0.3587766,-0.3540348,0.38801822,-0.41100255,0.0054423357,0.008195752,0.28326318,0.18213767,-0.15708496,-0.10065423,0.020557536,-1.6281017,-0.5075611,-0.636631,0.2073298,-0.2941132,0.022200767,-0.23916692,-2.3920383,-0.13023974,0.21936478,-1.2286764,0.014813872,-0.31673104,-0.5989826,-0.74361646,0.1930769,-0.86253977,-0.116503544,-0.8030588,0.0054965634,0.18236312,-0.24129647,-0.37384066,-0.84377575,-0.5144069,-0.18389812,-0.06411706,0.14544362,-0.5986304,-1.2580098,-0.50197625,
-0.7199862,-0.4393982,0.46553108,-0.48473525,0.22123915,-1.221591,-1.5710566,-0.029014502,-0.44220716,0.1673321,-0.016646435,-0.200765,0.43080807,0.56483346,-0.24642228,-0.11698346,0.23360053,-0.18649913,-1.3249385,-2.1266546,-1.4499611,-0.3949686,-0.37265694,-0.985598,0.07813237,0.22769994,-1.8598672,-0.8936758,0.075554535,-0.9947473,0.2023044,-1.3957657,-1.2766907,-0.42399326,-0.800145,0.3138208,-1.2742224,-0.49869102,-0.06757946,-0.6555056,-0.07083171,-0.20910925,-0.33677286,0.110535555,
-0.09494612,0.25080162,-0.069976024,-0.051882543,-0.09962519,0.47736445,-0.9250695,-0.25409088,-0.15878348,0.027040368,-0.35290694,0.22500123,0.10673949,-0.6854793,-0.2698156,-0.8163082,-0.08612289,-0.57649297,0.99654627,-0.13917084,-0.030398061,-0.013539066,0.26608512,-0.28485495,-0.21006185,-0.07719887,-1.2795268,0.4418291,0.46526304,-0.586613,0.0046946392,-0.9148998,-0.056331683,-0.16156083,-0.008607937,0.27523586,0.29217032,-0.8733191,-0.119796865,-0.3599664,-0.57612914,-0.9780456,-0.5060501,0.028853355,
-0.044720866,-0.61185,-0.4691045,-0.41386828,-0.27864882,-0.18890104,0.1773324,0.06330213,0.0027676788,-0.17842658,-0.40644455,-0.009179143,0.061301075,0.6076918,-1.15474,0.5762201,-0.007934398,0.3679464,0.6409368,0.33818886,-0.03970747,0.015528099,-0.24671762,-1.3946793,0.00862727,0.01913887,0.5399331,-0.4086844,-0.18554014,0.3669265,-0.11695862,-1.542315,-0.15833639,0.30627146,-0.21197157,-0.25197363,0.025183918,-0.67279893,-0.176946,-0.7595134,0.26197714,-0.12923579,-0.41330853,-1.0613743,
0.15837522,-0.23182036,-0.16074954,-0.20101425,-0.09229139,-1.1006267,0.2772797,-0.49975926,0.17987521,0.20528984,-0.2236286,-0.27504677,-0.9322304,-0.7852329,0.25010604,-0.2197274,0.10243541,0.18247092,0.42265633,0.37649038,0.6263208,-0.7864289,-0.24589054,-0.4805903,0.0971944,0.15359697,0.30354378,-0.7233453,-0.3468597,-0.5142125,0.027600644,-0.025473796,-0.27928025,0.28475603,-1.2200104,-0.40977207,-0.24666741,0.046914756,0.04068677,-0.026182977,-0.30087692,-0.8452377,-0.38148916,-1.9381553,
-0.78454065,-0.87443423,-0.058291845,0.12297178,0.43030345,-0.013327094,-0.10814909,-0.054688074,0.21187463,0.14043982,-0.41945425,-0.33134055,-0.087469295,-1.4938996,-0.46507603,-0.9805375,0.22841185,-0.19784062,-0.49143118,0.32987323,-1.1182566,-1.1511782,-0.10956176,0.23239464,-0.18946053,0.31940606,-0.43766466,-1.1421707,0.107773736,-3.8292232,-0.17713751,-1.9057204,-0.47933826,0.091213055,-1.0274124,-0.28115115,-0.41971374,-0.2561357,-0.45007825,0.25678796,-0.3205316,-0.7162948,-1.0377575,-0.29440266,
0.09601508,0.039840538,-0.05552466,0.1920686,-0.26966536,0.25878853,-0.023584025,-0.32878456,0.086022414,-0.2412335,0.120886356,0.1836828,0.21502759,0.20837443,-0.030211778,0.54819506,-0.11303482,-0.9869605,-0.120938,0.3702754,-1.0510396,-0.22617944,0.2928814,0.49691382,-0.39188004,-0.2835915,-0.7920359,0.49101356,0.22331582,0.12143062,0.21226817,-0.079908475,-0.21698324,0.003586878,0.28854167,0.1480235,0.13910803,-0.96204656,-0.7747259,0.13351582,-0.4697915,0.14314108,0.22789234,0.3256869,
0.22477162,-1.4149772,-0.0015707556,-0.19852717,0.17768706,-0.9555943,-0.90759367,0.03153858,-0.033601437,0.108644225,-0.39169693,0.030224059,-0.86533266,-0.85537946,-1.6219078,-0.36629552,0.24348307,0.15746951,0.46290138,0.42177224,-1.0224509,0.089385934,-0.037217565,-1.03672,0.27540746,0.21713555,0.2243354,-0.49173617,-0.68211997,-0.14670974,-0.6252882,-1.6479666,-0.7939225,0.36871302,-0.07769159,-0.57567334,-1.2285079,-0.3413813,0.25383458,-0.2278299,-0.10613924,-0.102359414,-0.22095111,-0.39125562,
-2.1473472,-2.0836666,0.2039716,0.24365206,-0.018627321,-0.89734626,0.24455869,0.10740226,-0.2914923,0.17243505,0.045846365,-0.07389098,-0.0032965322,-1.0993129,-0.7365635,-0.22996968,0.42547944,-0.18235826,-0.97461337,-0.43226072,-1.326819,-0.1666088,-0.18846704,-1.067009,0.22574112,-0.22568002,-0.12883632,-1.8193486,0.2422505,-0.9246219,-0.33425874,-0.668611,-0.91755337,-0.10838448,0.31094974,-0.06836995,-1.2750076,-0.014374593,-0.17391576,-0.065993994,-0.44962484,0.02630307,-0.44341338,-0.0978996,
0.047140677,-0.64592767,-0.33031854,-0.23617595,-0.04778848,0.2745962,-0.39409468,0.35036376,-0.55636466,-0.20381182,-2.1484382,0.44785285,-0.0565714,-1.4296584,-0.6387242,-1.1539979,-0.030408254,0.23305885,0.24854563,0.56213033,0.64609927,-0.2663348,-0.18388453,-1.1020503,0.114119604,0.4493839,0.13967219,-1.1756536,-0.30431095,-0.856301,-0.5722024,-0.5650479,-0.2696936,0.05327891,-1.5611439,-0.4994214,-1.5309316,0.009341287,0.09557585,-0.8528491,-0.4908458,-0.68073547,-1.1778364,-1.0248028,
0.15433381,0.019697115,0.09095689,-0.38672793,-0.16055927,0.28485036,0.28632003,-0.5347943,-0.15832452,0.06782053,-0.6682465,0.24650401,-0.983533,0.15061903,-0.22691923,-0.9111987,-0.024296334,-0.10548968,-2.601863,-0.015880479,-0.5418342,0.4414035,0.13953277,-2.2110498,0.35831785,0.087592214,-1.0529726,0.47006008,-1.0370188,0.09824442,-0.117737874,0.12562233,-0.02688021,0.3517127,0.4394603,-1.4843149,-2.9019387,-0.3766832,0.014448197,0.083676174,0.35497344,0.2027082,-0.36301807,-0.99248916,
-0.104548454,0.13065392,-0.12096352,-0.017409137,0.09374057,0.1453341,-1.881309,-0.30378792,-0.42705193,0.050810773,-0.03888992,0.2105394,0.28191975,0.54062974,-0.33285922,-0.47365096,0.12621398,-0.012186816,-0.9570317,-0.9826059,-1.3610216,0.56056064,0.18558688,-1.8619553,0.09666838,0.12821285,-2.0235138,0.102275565,-0.23550507,0.08943779,-0.6279488,-1.4249153,-0.24842966,0.25503147,0.15402883,0.30870894,-1.310428,-0.44250607,0.14584011,-0.48691452,-0.75263244,-0.24414618,-0.96701014,-0.25964695,
-0.09745242,0.25624913,-0.04479302,-0.22565907,-0.67702705,-0.037353877,0.35434872,0.250832,-0.08388046,0.01954924,-0.03177022,-0.4076297,-0.112619914,0.6129556,0.08615813,0.1600172,0.107231244,0.25134543,-1.5536348,-0.70710677,-1.1516641,0.32788327,-0.28939554,1.0969054,-0.002482232,0.0052726474,0.30844975,0.49989593,-1.4304513,0.34330755,-0.3113314,0.25116834,-0.07423115,0.0420781,0.22210401,-0.26630804,0.20597811,0.41331574,0.13195795,0.12778313,0.10264797,0.04871486,-0.11324069,-1.091469,
-1.1039984,0.08538779,0.036845908,-0.06687786,-0.039917886,-1.5637107,-3.3844748,-0.38440692,0.043004237,0.1034833,0.28410083,-0.15477371,-0.22439647,-1.46388,-0.052016955,-1.459984,0.053240906,0.007417264,-2.0398607,-3.053518,-1.3874091,0.58144116,0.18411827,-1.419274,0.21829203,0.18607134,-2.2494922,-0.21783388,-0.845848,-1.2590396,-1.8853761,-0.5268727,-0.11468437,-0.64653563,0.013122164,0.09784445,-1.73471,-0.32245678,0.31078142,-0.46565124,-0.3821065,-0.74238616,0.16170067,0.13297293,
-0.22275195,-0.06810085,-0.10208324,0.09050969,-0.47347292,0.7464129,-0.75749815,-0.022389587,0.102289625,0.22085851,0.104736984,-0.18385868,-0.14746645,-0.6516007,-0.075663745,0.3809399,0.22501048,0.04459242,0.52571046,-0.019226851,-1.036839,0.22129405,-0.17910722,-0.29873666,0.20605907,-0.30845955,-0.17181809,-1.0079113,-0.2874739,-0.2303704,-1.2967491,0.60491395,-0.38501516,0.16479665,-0.44710496,0.173449,-0.3379038,-0.70432204,-0.16906041,-0.1631923,-0.48471195,-0.2971959,-1.3560776,-0.19194552,
0.26090676,-2.1551132,-0.2824574,0.0098156445,-0.49640256,-2.3184457,-0.24390279,-0.5166409,0.115905486,0.12938955,-1.0220927,0.27151296,-1.470325,-2.0229015,-0.048259094,-0.52534914,-0.33764082,-0.054629207,1.0127231,0.30189162,0.49039906,-1.981155,0.27509776,-0.7304664,0.3820695,-0.017413454,0.114698514,-1.1706283,0.31008142,-1.875951,-0.58412874,-0.30915108,-0.31293413,-0.033320118,0.15386336,0.14775877,-1.5080167,-0.60266274,0.08049941,-0.7165098,-0.8756865,-0.7015044,-0.84254175,-0.579774,
0.18273841,0.17481367,-0.2796697,-0.3512207,-0.5210175,-0.14964333,0.309906,-0.4288632,-0.08818997,0.017452216,-0.10049688,0.45574152,-0.11967514,-1.5020792,-0.10760985,-0.6823683,-0.33171582,-0.26352933,-0.18311715,0.4259219,0.4366968,-0.54908055,0.0125998305,-0.97162145,0.0267031,-0.14085753,0.10932919,0.28807715,0.4200482,0.053220384,0.008582171,0.37552777,0.29834494,-0.5827997,0.40676847,-0.06656855,0.36545214,-0.122711085,-0.26469353,0.19208129,0.11170277,-0.99654716,0.61337435,0.09492203,
0.2456055,0.39550245,-0.040342104,0.23890498,0.04308961,-0.1789951,-0.8597637,-0.16361423,-0.015705545,0.13295135,-0.5785308,0.010165004,0.35514432,-0.5827357,-0.9172994,-0.5241165,0.13686831,-0.4564501,-0.32564068,0.3284088,0.40719137,-0.019131605,-0.19717844,-1.2556164,-0.04484937,-0.27835244,-0.7900227,-0.9019563,0.4077461,0.12503932,0.22868654,-0.09187317,0.010478065,0.19327734,-0.111170866,-0.27119753,-0.013014895,-0.9824662,-0.4309351,0.16331731,0.09449464,-0.3180004,-0.8804453,-0.023764433,
-0.11395593,-0.48979977,0.121905796,-0.23484503,-0.108430736,-0.37541562,0.1321625,-0.27997488,-0.05442731,0.21018445,-0.20071049,-0.32713816,-0.09002174,-1.8337905,-0.8747803,-1.124983,0.36914515,-0.16642302,-0.5774871,-0.1558423,-1.9417326,-0.3949681,-0.16211782,-0.11945842,0.13734113,0.25175563,0.23790199,-0.97348523,-0.16808598,-0.3246985,-0.036857896,-0.8594865,-0.6434503,0.13951816,0.20732045,-0.48890272,-1.4595021,-0.75049746,-0.014038318,0.35315475,0.24169734,0.2643219,-0.5494447,-0.28733116,
-0.38505167,0.1756593,0.18438075,-0.34886122,-0.12700516,0.41012952,0.4535637,-0.6181669,-0.14130525,-0.23880896,0.31179628,-0.12855841,-0.0750869,0.028776905,-1.1217221,0.3991592,0.09991055,0.35995877,-1.5028092,-0.8586032,-1.6128969,0.22108418,-0.17781976,0.46475103,-0.08708589,0.12815349,0.33297497,0.38962504,-0.05668593,0.08808219,0.12622805,0.16297446,0.155014,0.083303854,0.13713548,-0.40152928,-0.24726005,-0.18466587,0.27167976,0.19023415,0.23793374,0.12981568,0.18068993,-0.18737902,
-1.548976,-0.022881208,0.36365515,-0.40568298,0.22521015,-0.25058633,0.013020337,0.30185068,-0.1966126,0.20998901,0.5586307,-0.031086437,-0.061352476,-0.7877428,-0.07317982,0.24566966,0.29296649,0.28387696,-0.60368145,-1.5657327,-1.2640111,-0.24013235,-0.4484592,0.13959043,-0.17296964,0.039535597,-0.85510546,-1.1964742,0.474443,-2.2063606,0.1953282,0.20185177,0.0042615905,-0.6409182,0.2516811,-0.5321733,0.42235756,-0.56521827,-0.11181583,0.09418544,0.19477181,0.01617874,0.22675872,0.048378605,
-0.54541427,-1.0174205,0.117003,0.33265582,0.055013724,-1.37391,-0.31578022,-0.07895163,0.2792877,0.12469119,-0.053810306,-0.05756455,0.017914329,-1.6726568,0.1314893,-1.2302978,0.051846076,-0.20117177,0.9192978,-0.7725089,0.37541983,-1.5717179,0.12714908,-0.6795832,-0.24223492,-0.11219701,-0.10156135,-0.770625,0.41888013,-1.667662,-0.19204088,-1.2464994,-0.18309012,-0.6851228,-0.40598673,0.29305115,0.6518501,-0.12580624,-0.7705115,-0.7057789,-0.34748188,-0.3477188,0.29458007,0.1077955,
-0.21178582,0.464991,-0.07997584,-0.4668337,0.058334123,0.107502386,-0.04794299,-0.4925625,0.017834466,0.31419873,-0.7965545,0.11942096,0.16327351,0.68138295,0.17186011,0.09087375,-0.0042225784,0.19126429,-1.5858985,-0.14186577,-0.5966918,-0.26260152,-0.11774593,0.9285097,-0.27029273,0.21979517,0.36029863,0.5191696,-0.24523523,0.19110204,0.28841254,-0.09174831,0.08102071,-0.06991867,-1.7575848,-0.056602843,0.49287093,-0.9398014,-0.1727049,0.38774043,-0.035750482,-0.48588848,-0.022164853,-0.93808335,
-0.2260384,-1.5194536,-0.14387058,0.14808524,-0.07886457,-1.2806491,-0.26221043,0.25479063,0.19602376,0.22621444,-0.23639804,-0.010825673,-0.43115932,-0.5912605,-0.42813328,-0.61866635,0.20060463,0.17502768,0.5583459,-1.720503,-0.5712889,-1.7266277,-0.424803,-1.1869894,0.07850891,0.28391647,0.31165153,-0.8109932,-0.24642499,-0.60644835,-1.0744855,-2.0801175,-0.7416122,-0.052088708,-2.6983297,0.07088535,-0.3914234,-0.33607683,0.29729536,0.07372913,-0.25026557,-0.72759396,-0.010408708,-0.55185485,
-1.0511492,0.23633993,-0.4299864,0.26523423,-0.17525454,-0.82919294,-1.4913961,-0.66482866,0.2930228,0.27314284,-0.6899115,-0.075591,0.32296577,-5.84733e-06,0.10962103,-0.3427268,0.30837062,0.07234332,-1.3218107,-0.22635515,-0.5726637,0.094381265,-0.2712027,0.6560116,-0.2353534,0.19722287,-0.8289333,0.11603077,-0.3831762,-1.7235863,-1.2497346,-1.4846926,-0.35033414,-0.22796714,-1.9389806,0.13048324,-1.668422,-0.23892766,-0.11327201,-0.5784922,-0.29689804,-0.7517568,-0.74912465,-0.18837263,
-0.16378048,0.31253365,-0.16221792,0.16769333,-0.56463736,-1.5330867,0.9456259,-0.92857975,0.2603647,-0.007719238,-0.13542254,-0.7939954,0.3377898,-2.4840806,-0.032279275,-0.8882541,-0.41906717,-0.23748733,0.4919162,0.195746,0.7309771,0.32959646,0.033376776,0.22906278,-0.19004709,-0.07217602,-2.5327144,-0.08083549,0.03723264,0.14264283,0.19688356,0.05081976,-0.46220648,-0.51495874,-0.25603864,0.11272028,-0.075389065,0.32004333,-0.19566119,0.1734184,-0.17062344,0.22786969,0.3256868,0.25213167,
-0.65780604,0.4932517,0.2816623,0.24779215,-0.3242159,-1.4697865,-0.8918933,0.053808596,0.012733125,-0.23265849,0.08568977,-0.44641727,-0.22194357,0.6914224,-0.087943345,0.6459405,-0.32773253,-0.16795899,-1.9412825,-1.1316727,0.6553471,-0.16993617,-0.10575714,0.2586699,0.06404915,-0.024999782,-0.14546086,-0.35125658,-0.5938881,-0.0981525,-0.19272414,0.3738459,0.1593349,-0.06521477,-1.2853922,0.21495707,-1.628559,0.5755448,0.2159866,0.3634207,-0.06631361,-0.8162859,0.19543675,0.09889785,
-0.7684576,0.27575845,0.08730359,-0.19320032,-0.183482,-0.869113,-0.5384076,-0.262115,-0.12420957,-0.044466846,-0.53976417,0.3027793,-0.53232276,-0.050785024,-0.38176158,-0.4044653,0.20053922,-0.071284495,-1.1857322,-1.4309219,0.07063891,0.2813925,0.18885717,-0.74307466,0.1558421,0.4260268,0.43499783,-0.33813605,-0.3534201,-0.92397964,-0.58632576,-0.45015764,0.15111591,-0.26781356,0.022845589,-0.4090385,-1.23374,0.33409068,0.19729176,-0.46980828,0.27237502,-0.5888353,-0.09258716,-0.70551693,
-0.883264,-1.1581017,0.12159791,-0.24379128,-0.040512618,-1.8277014,-1.2868005,0.05622605,0.15829231,0.20243272,-0.78892803,-0.527314,0.056222223,-0.32541084,0.025250219,-1.630409,0.25072142,-0.23060717,-1.233504,-0.3379181,0.064168,-1.7265517,0.0053329878,-0.4711548,-0.02367034,0.20730026,-0.60417044,-1.2907116,-0.15983482,-2.046218,-0.7717369,-1.3877121,-0.97906387,-0.15041481,-2.1027045,0.4318423,-0.71912336,-0.30755627,-0.15293513,-0.2374641,-0.29874972,-0.26683804,-0.6767508,-0.68570435,
0.017455613,0.39555553,0.22817095,-0.26205063,-0.17427236,0.18882531,-0.13240264,-0.16822518,-0.24557862,0.06504741,-0.40507522,-0.34702566,-0.18430942,-2.2269847,-0.715594,-0.5021659,0.015057997,-0.27663895,-0.3844849,0.64178145,0.20943879,0.10248577,-0.30259767,0.4773744,0.26798147,0.20390269,-0.22238882,-0.66925293,-0.051723596,-0.4634977,0.12098922,0.11564023,-0.70966446,0.12741116,-0.3950577,-0.65606225,-1.2312475,-0.45737743,0.113889284,0.36896998,-0.03522773,-0.9630921,-0.9611331,0.13990508,
-0.37400427,0.10513561,-0.06478981,0.10908989,0.48212674,-1.5175669,-0.5292897,0.2832068,0.06272028,0.1484315,0.14323582,-0.18511686,-0.3491177,-0.6073707,0.25056425,0.081578895,0.08519393,-0.21369796,0.67214435,-0.06240645,-0.16909058,-0.5559831,0.18233149,-0.68620306,-0.03427466,-0.8675135,-0.01647527,-1.00932,-0.63566136,-0.4660243,-0.65574837,0.11144319,0.3104672,-0.044799376,-1.7049208,-0.13175881,0.2636873,0.46195287,-0.16084455,-0.37146533,0.16515361,-0.23999622,0.054642737,-0.4383247,
-0.25264,-0.6054382,-0.38828614,-0.16128285,0.46762103,-0.6138135,-0.095829055,0.3632715,-0.10786294,-0.00769856,-1.083486,-0.71333885,-0.182932,0.54318225,0.27608383,-0.45473847,-0.10267328,0.40211418,0.5532721,-0.75697327,0.3530037,-1.0960785,0.1089949,-1.0548334,-0.22977272,0.12137615,-0.05478553,-1.5188191,0.077021636,0.34448242,0.15010822,-2.7622166,-0.14919859,0.13559723,-3.5721116,0.17610444,0.059914038,0.16262172,-0.69378823,-0.7100734,-0.2344523,0.015056391,-0.18114322,-0.30143544,
0.103744656,-1.4148065,-0.13322534,-0.27232996,-0.17478503,-0.65329784,-0.16488013,-0.26152208,-0.04006848,0.07333905,-0.6741121,0.04264494,0.16023569,-1.6738812,-0.8796672,-0.81541747,0.21949257,-0.74248856,-0.59551805,0.50018466,0.7830557,-0.9893986,-0.22786194,-1.6219883,0.4215173,-0.021488432,-0.29556516,-1.1916574,0.48333323,-0.47849217,-0.20683254,0.26505592,-0.60647273,0.07725576,0.25968775,-0.087331265,-2.3649135,-0.5674218,-0.23041515,0.27487853,-0.43257752,-0.038873717,-0.6660428,0.20020881,
-0.404027,-0.837668,-0.022989435,-0.062247854,0.15719704,-0.0946607,-0.18462545,0.23060888,0.23987982,-0.425726,0.32723415,-0.552559,-0.65930325,-1.2662925,-1.490327,-0.2884728,0.34671092,0.402331,-1.8324233,-0.5346287,-2.015294,0.44479492,-0.35282534,0.007834415,0.03731039,0.23330857,0.04183702,0.15420729,-0.8133334,-0.6422726,-0.5596491,-0.88391876,-0.049221106,0.10125514,0.19441955,-0.57508594,-1.5871567,-0.4224059,0.034747608,-0.004824967,0.16150573,0.19698383,-0.48600432,0.2645625,
-1.2845069,-0.06227594,0.12998387,0.03838362,0.029011885,-0.82828087,-2.1787467,-0.31194392,0.13985965,0.36404994,-1.6316681,-0.21656048,-0.0639999,0.37341413,0.35490718,-1.2085826,0.27917525,-0.38631132,-1.2924515,-1.4184809,-1.450522,-0.21284665,0.20167214,0.26463938,-0.16348645,0.134217,-0.72599506,-1.1365663,-0.06644584,-0.18245073,0.1816924,-1.0057007,-0.12671259,-0.07776898,0.04813734,0.13619012,-0.4619512,-0.5474537,0.13857569,0.0065302444,-0.3239604,-1.1777939,-0.9090884,-0.34064522,
0.29263124,-0.47706524,-0.34538615,0.22732365,-0.24357538,-0.44351038,-0.25157267,0.084703304,-0.6097383,-0.07305019,-1.0706085,0.52956885,0.067010134,-0.63691676,0.17027426,-0.8717978,-0.07908134,0.103148624,0.0011333674,0.53865093,0.24912906,-0.24841388,-0.046857826,-1.3310097,0.08419646,0.083239324,0.27268672,-0.61945605,-0.33264425,0.06103236,0.20844634,-0.2754509,-0.27397376,0.10050268,0.03625721,-0.36961895,-0.29196802,0.15938698,0.06503479,0.14554477,-0.42592943,-0.20705917,-1.3475715,-0.75583667,
-0.3150732,-1.0610939,-2.0016625e-05,-0.34201175,-0.28519145,0.05861807,0.25537375,-0.02551024,-0.45822296,-0.0010600287,-0.22110173,-0.17193058,0.27340624,-1.5222968,0.16863644,-1.0444793,0.29804754,-0.07210004,-0.31715587,-0.7156066,-0.6589148,0.18493332,0.12352877,0.44234288,-0.5197565,0.08096733,-0.5190864,-1.2523903,0.29815337,0.09184179,0.3190635,-0.38909853,-0.38682437,-0.10855799,0.08943021,0.13408935,-0.66725343,-0.47645125,-0.5396404,0.10167601,-0.4025562,0.48055533,-0.0964843,0.16446652,
-1.153401,-0.35183495,0.3392326,0.133523,0.0023468717,-0.30298802,-1.1693728,-0.18076041,0.19749893,0.2882352,-0.02283325,-0.00028549737,-0.603761,0.007664281,0.3257092,-0.23913223,0.30438897,-0.38735375,-1.1859655,-1.4287329,-2.1068225,-0.7332163,-0.17014103,0.06971884,-0.017535804,0.108237356,-0.27570826,-0.18721928,-1.0235449,-1.5123295,-0.35556895,0.42968455,-0.7151951,-0.6862413,-2.293552,0.22187515,0.06853558,-0.15578927,0.1389766,0.014488852,-0.09326344,-0.8981451,-0.24618496,-0.21908686,
0.20896798,0.43231383,-0.4350791,0.13755442,-0.22445081,0.4430713,-0.8539409,0.29790565,0.0067001865,0.14132601,-1.4005859,0.5107387,-0.17365873,-0.082831524,-0.37413207,-0.19930398,-0.08812817,-0.2144497,-0.16929518,0.39271125,-0.5722627,-0.52602196,-0.3356867,-0.91759163,0.30289146,-0.02424538,-0.587938,-0.44419706,0.03500476,-1.0193192,-0.61700344,-0.14388627,-0.70171684,-0.058169026,-0.8679455,0.18969059,-0.5032437,-0.53542763,0.046731737,-0.31772172,-0.8369863,-0.37736282,-0.8530005,-0.41562894,
-0.9078623,-0.056258254,0.3508723,-0.34722492,-0.060076263,-1.3000461,-0.47650954,-0.20206638,0.19984381,-0.25610113,0.37401852,-0.40283006,-0.14690866,0.48627004,-0.38826188,-0.26657766,-0.01004881,-0.13926381,-0.7299343,-0.8879925,-0.5589574,0.004868094,-0.03400838,0.13160162,-0.002723861,0.108758114,-0.7386135,0.07677336,0.11374503,-0.4684537,-0.7884453,0.05838469,0.21482,0.30548406,0.2743699,0.17070165,-1.3156458,-0.82312644,0.12032899,-0.80486625,-0.07406789,0.11468866,-0.1709489,0.09868028,
-0.09426257,-0.17486325,0.22377661,0.25532717,0.22363584,0.37814388,-0.05953834,0.34213647,0.0033194786,0.12450303,-0.24752451,-0.009560019,-1.1788975,-1.2676983,-0.21902783,-0.83968496,0.22633462,-0.63723284,0.053691693,-0.40364528,-1.0004314,0.32294586,0.25081915,-0.636916,0.09669775,0.15632552,-0.710831,-0.8574247,-1.2606822,-0.21395633,-0.94733554,-0.22380815,-0.18740071,0.16738193,0.14014144,-0.051190168,-2.5388844,0.2246934,0.035003938,-0.46901366,-0.3884782,0.19523224,-1.1446435,-0.9048079,
0.032930028,-1.2142794,0.07850843,-0.26344496,0.01105071,0.56514657,-0.46335638,-0.07992092,0.095648676,-0.38671002,-0.279964,-0.21814425,-0.29410896,-0.5070844,-0.6062475,-1.2224247,0.032239906,-0.44550246,-0.33596143,0.31751412,-0.739967,-0.57712746,0.17679256,-0.086829074,-0.10205913,0.09800209,-0.036764324,-0.23129867,0.2650188,-0.40933818,-0.4191409,-1.1463497,-0.3863903,0.08424822,-0.22310883,0.2583738,-0.4800993,-0.85396194,0.17093764,-0.5617725,-0.74118304,0.022477401,-0.56730986,0.5407097,
-0.04570351,-2.6701934,-0.18328498,0.05519709,0.25370163,-1.0973221,-0.40542498,-0.35385445,-0.07712951,-0.12659325,-0.27024156,0.25342363,0.10681308,-1.8088899,-1.057905,-1.3696676,0.24482489,0.09423288,1.0671397,-0.37488538,-0.074000634,-0.38606447,-0.006270394,-1.3736118,0.23109664,0.27950886,-0.36177275,-0.8477426,0.01103108,-0.2700878,-1.2846675,-1.7647612,-0.5917913,-0.08649747,-1.0509877,-0.2331389,-1.6784102,-0.2528616,-0.08203802,-0.2987364,-0.43364507,0.23946996,-0.3978764,-0.32942376,
0.1891036,0.09669249,-0.32270128,-0.37235492,-0.10737234,-0.21395376,0.21897236,-0.14942826,-0.09175718,0.15163083,-0.790201,-0.6422213,0.31302506,0.38060406,0.14104766,0.29723743,-0.1800647,-0.13255763,0.3943273,-0.20063154,0.36461392,-0.40555084,0.15017892,-0.18897524,-0.5522386,-0.08917618,0.41793942,0.09204582,0.011503385,0.1140611,0.41675732,0.17584336,0.20162943,0.1398638,-0.41581035,0.14127022,0.2942182,-0.089424305,-0.7101704,-0.050354254,0.19326621,0.004962109,0.08331773,-0.3993682,
0.31889537,-0.5530849,-0.63218826,-0.112147994,-0.17284039,0.3323573,0.3395105,0.050468653,-0.35328913,-0.4044883,-0.42693532,-0.029954161,0.2803613,-1.0226835,-0.91392326,-0.12231267,-0.26055306,0.055737477,-1.5218536,0.20106415,-0.23759732,0.23328906,0.012206385,-0.13322054,-0.06819335,-0.018539978,0.17172043,0.36591047,-0.08848318,0.26977655,0.14685543,0.14454149,0.20241062,0.10010146,0.13596055,-0.5048942,0.16087443,-0.43185863,-0.14676356,0.28261104,0.23707235,0.18076412,0.1598649,-0.25044,
0.02208605,-0.091757104,-0.19905585,-0.37711158,0.44702733,-0.077415496,-0.77096343,0.15481763,0.018513298,0.106421664,-1.3812075,0.16722637,-0.3628969,0.7732376,0.24874231,0.40873682,-0.3048222,-0.5246359,0.5583502,0.16806616,0.009988866,-0.5047781,0.09825807,-0.81592387,-0.16607976,-0.15021548,-0.26371625,-0.31418338,-0.48958337,-0.09279084,0.002287125,-0.18435411,0.0007385926,0.027107857,-0.4810008,0.259886,0.26138836,-0.078314714,-0.24045445,-0.9266615,-0.16982287,-0.18271895,-0.40008163,-0.6067449,
-0.19105165,0.49925336,-0.13402194,-0.80579287,-0.1980918,-0.66962713,-0.840104,-0.3084127,-0.47902393,0.023227565,-0.5207605,0.31338271,-0.023390293,0.45645905,0.19881785,0.17996569,-0.591798,0.20175703,-0.23485011,-0.29999804,0.674602,0.12363033,-0.2421946,-1.4245433,-0.035614144,0.048339017,-0.34004933,0.13353446,-0.30253914,0.4478306,0.11001064,0.2853161,0.578,0.15352693,0.05880793,-0.13100673,-0.3941951,0.29843116,0.37775716,-0.05799133,0.23432638,-0.2441731,0.33516073,-0.38207865,
0.15258875,-0.008360469,-0.04864911,0.25956622,-0.0758215,0.26762396,0.22613001,0.051843133,-0.14217561,-0.02221534,-0.4817823,-0.1805435,0.23902093,-0.57240677,-0.4917061,0.32323056,0.08123397,-0.21147771,-0.23325752,-0.4775476,0.33014765,-0.19080372,-0.33973786,0.6443308,-0.42142287,0.026935056,-0.3895725,-0.235092,0.13566642,0.21080585,0.030955661,0.26531166,-0.041445334,0.15950747,-0.6528843,-0.028897649,-0.06741144,-0.21404871,-0.3756747,0.20908706,-0.35935023,0.21691856,-0.0076238425,0.16646516,
